,Gene name,Accession Number,Gene CDS length,HGNC ID,Sample name,ID_sample,ID_tumour,Primary site,Site subtype 1,Site subtype 2,Site subtype 3,Primary histology,Histology subtype 1,Histology subtype 2,Histology subtype 3,Genome-wide screen,GENOMIC_MUTATION_ID,LEGACY_MUTATION_ID,MUTATION_ID,Mutation CDS,Mutation AA,Mutation Description,Mutation zygosity,LOH,GRCh,Mutation genome position,strand,Mutation somatic status,Mutation verification status,Pubmed_PMID,ID_STUDY,Institute,Institute Address,Catalogue Number,Sample source,Tumour origin,Age,HGVSP,HGVSC,HGVSG
45107,ASPM,ENST00000367409.8,10887,19048.0,MDAMB231,905960,823488,breast,NS,NS,NS,carcinoma,NS,NS,NS,y,COSV54133905,COSM1668322,111600343,c.4264T>C,p.S1422P,Substitution - Missense,het,,38.0,1:197104987-197104987,-,Variant of unknown origin,Verified,,619,Developmental Therapeutics Program,"National Cancer Institute,Frederick,MD 21701",,cell-line,primary,51.0,ENSP00000356379.4:p.Ser1422Pro,ENST00000367409.8:c.4264T>C,1:g.197104987A>G
225463,USP8,ENST00000396444.7,19026,12631.0,BT20,906801,824325,breast,NS,NS,NS,carcinoma,NS,NS,NS,y,COSV56168175,COSM2216612,120338819,c.3171+1_3172-1del,p.?,Unknown,het,,38.0,15:50498729-50498902,+,Variant of unknown origin,Verified,,619,American Type Culture Collection (ATCC),"P.O. Box 1549, Manassas, VA 20108, USA",HTB-19,cell-line,primary,74.0,,ENST00000396444.7:c.3171+1_3172-1del,15:g.50498729_50498902del
481654,BRAF,ENST00000646891.1,6458,1097.0,MDAMB231,905960,823488,breast,NS,NS,NS,carcinoma,NS,NS,NS,y,COSV56066746,COSM450,176436748,c.1391G>T,p.G464V,Substitution - Missense,het,,38.0,7:140781617-140781617,-,Variant of unknown origin,Verified,,619,Developmental Therapeutics Program,"National Cancer Institute,Frederick,MD 21701",,cell-line,primary,51.0,ENSP00000493543.1:p.Gly464Val,ENST00000646891.1:c.1391G>T,7:g.140781617C>A
650070,CDKN2C,ENST00000262662.5,2904,1789.0,BT20,906801,824325,breast,NS,NS,NS,carcinoma,NS,NS,NS,y,COSV52954434,COSM2192274,97175358,c.214G>C,p.A72P,Substitution - Missense,het,,38.0,1:50973977-50973977,+,Variant of unknown origin,Verified,,619,American Type Culture Collection (ATCC),"P.O. Box 1549, Manassas, VA 20108, USA",HTB-19,cell-line,primary,74.0,ENSP00000262662.1:p.Ala72Pro,ENST00000262662.5:c.214G>C,1:g.50973977G>C
801767,CBL,ENST00000264033.5,11231,1541.0,A549,905949,823477,lung,NS,NS,NS,carcinoma,NS,NS,NS,y,COSV50648413,COSM1193372,100009605,c.1753C>T,p.R585C,Substitution - Missense,hom,,38.0,11:119285378-119285378,+,Variant of unknown origin,Verified,,619,Developmental Therapeutics Program,"National Cancer Institute,Frederick,MD 21701",,cell-line,primary,58.0,ENSP00000264033.3:p.Arg585Cys,ENST00000264033.5:c.1753C>T,11:g.119285378C>T
942510,ATR,ENST00000350721.8,8249,882.0,A549,905949,823477,lung,NS,NS,NS,carcinoma,NS,NS,NS,y,COSV63394991,COSM3125195,109328906,c.2634-1G>A,p.?,Unknown,het,,38.0,3:142553399-142553399,-,Variant of unknown origin,Verified,,619,Developmental Therapeutics Program,"National Cancer Institute,Frederick,MD 21701",,cell-line,primary,58.0,,ENST00000350721.8:c.2634-1G>A,3:g.142553399C>T
956072,ZFHX3,ENST00000641206.2,17219,777.0,A549,905949,823477,lung,NS,NS,NS,carcinoma,NS,NS,NS,y,COSV51726956,COSM1193313,175772508,c.4417C>T,p.L1473F,Substitution - Missense,het,,38.0,16:72798265-72798265,-,Variant of unknown origin,Verified,,619,Developmental Therapeutics Program,"National Cancer Institute,Frederick,MD 21701",,cell-line,primary,58.0,ENSP00000493252.1:p.Leu1473Phe,ENST00000641206.2:c.4417C>T,16:g.72798265G>A
1297152,ASPM,ENST00000367409.8,10887,19048.0,MCF7,905946,823474,breast,NS,NS,NS,carcinoma,NS,NS,NS,y,COSV54130665,COSM1668323,111603576,c.4083T>A,p.Y1361*,Substitution - Nonsense,het,,38.0,1:197105168-197105168,-,Variant of unknown origin,Verified,,619,Developmental Therapeutics Program,"National Cancer Institute,Frederick,MD 21701",,cell-line,primary,69.0,ENSP00000356379.4:p.Tyr1361Ter,ENST00000367409.8:c.4083T>A,1:g.197105168A>T
1427548,PIK3CA,ENST00000263967.3,9093,8975.0,BT20,906801,824325,breast,NS,NS,NS,carcinoma,NS,NS,NS,y,COSV55876380,COSM759,99693547,c.1616C>G,p.P539R,Substitution - Missense,het,,38.0,3:179218286-179218286,+,Variant of unknown origin,Verified,,619,American Type Culture Collection (ATCC),"P.O. Box 1549, Manassas, VA 20108, USA",HTB-19,cell-line,primary,74.0,ENSP00000263967.3:p.Pro539Arg,ENST00000263967.3:c.1616C>G,3:g.179218286C>G
2126103,CD79A,ENST00000221972.7,1258,1698.0,MDAMB231,905960,823488,breast,NS,NS,NS,carcinoma,NS,NS,NS,y,COSV55739109,COSM1681063,100010304,c.317G>A,p.C106Y,Substitution - Missense,het,,38.0,19:41879227-41879227,+,Variant of unknown origin,Verified,,619,Developmental Therapeutics Program,"National Cancer Institute,Frederick,MD 21701",,cell-line,primary,51.0,ENSP00000221972.3:p.Cys106Tyr,ENST00000221972.7:c.317G>A,19:g.41879227G>A
2276861,SMARCA4,ENST00000344626.9,5791,11100.0,A549,905949,823477,lung,NS,NS,NS,carcinoma,NS,NS,NS,y,COSV60794332,COSM30570,106212828,c.2184_2206del,p.Q729Cfs*4,Deletion - Frameshift,het,,38.0,19:11010441-11010463,+,Variant of unknown origin,Verified,,619,Developmental Therapeutics Program,"National Cancer Institute,Frederick,MD 21701",,cell-line,primary,58.0,ENSP00000343896.4:p.Gln729CysfsTer4,ENST00000344626.9:c.2184_2206del,19:g.11010441_11010463del
2622287,LRP1B,ENST00000389484.7,16535,6693.0,BT20,906801,824325,breast,NS,NS,NS,carcinoma,NS,NS,NS,y,COSV67269482,COSM3117440,115776066,c.4897G>C,p.A1633P,Substitution - Missense,het,,38.0,2:140850144-140850144,-,Variant of unknown origin,Verified,,619,American Type Culture Collection (ATCC),"P.O. Box 1549, Manassas, VA 20108, USA",HTB-19,cell-line,primary,74.0,ENSP00000374135.3:p.Ala1633Pro,ENST00000389484.7:c.4897G>C,2:g.140850144C>G
2810609,FLT3,ENST00000241453.11,3842,3765.0,A549,905949,823477,lung,NS,NS,NS,carcinoma,NS,NS,NS,y,COSV54077114,COSM2070169,99757758,c.969C>A,p.N323K,Substitution - Missense,het,,38.0,13:28049451-28049451,-,Variant of unknown origin,Verified,,619,Developmental Therapeutics Program,"National Cancer Institute,Frederick,MD 21701",,cell-line,primary,58.0,ENSP00000241453.7:p.Asn323Lys,ENST00000241453.11:c.969C>A,13:g.28049451G>T
2854074,EP300,ENST00000263253.8,9587,3373.0,MCF7,905946,823474,breast,NS,NS,NS,carcinoma,NS,NS,NS,y,COSV54332519,COSM1682287,98357137,c.4066C>T,p.R1356*,Substitution - Nonsense,het,,38.0,22:41168761-41168761,+,Variant of unknown origin,Verified,,619,Developmental Therapeutics Program,"National Cancer Institute,Frederick,MD 21701",,cell-line,primary,69.0,ENSP00000263253.7:p.Arg1356Ter,ENST00000263253.8:c.4066C>T,22:g.41168761C>T
3325878,PDGFRA,ENST00000257290.9,6576,8803.0,MDAMB231,905960,823488,breast,NS,NS,NS,carcinoma,NS,NS,NS,y,COSV57270988,COSM1671025,101458226,c.515A>T,p.Y172F,Substitution - Missense,het,,38.0,4:54263814-54263814,+,Variant of unknown origin,Verified,,619,Developmental Therapeutics Program,"National Cancer Institute,Frederick,MD 21701",,cell-line,primary,51.0,ENSP00000257290.5:p.Tyr172Phe,ENST00000257290.9:c.515A>T,4:g.54263814A>T
3541283,MLH1,ENST00000231790.6,2752,7127.0,BT20,906801,824325,breast,NS,NS,NS,carcinoma,NS,NS,NS,y,COSV51614825,COSM2985338,97705613,c.1733A>G,p.E578G,Substitution - Missense,hom,,38.0,3:37047520-37047520,+,Variant of unknown origin,Verified,,619,American Type Culture Collection (ATCC),"P.O. Box 1549, Manassas, VA 20108, USA",HTB-19,cell-line,primary,74.0,ENSP00000231790.2:p.Glu578Gly,ENST00000231790.6:c.1733A>G,3:g.37047520A>G
3631933,RB1,ENST00000267163.5,4793,9884.0,BT20,906801,824325,breast,NS,NS,NS,carcinoma,NS,NS,NS,y,COSV57297902,COSM35888,99827143,c.1544C>T,p.P515L,Substitution - Missense,het,,38.0,13:48381292-48381292,+,Variant of unknown origin,Verified,,619,American Type Culture Collection (ATCC),"P.O. Box 1549, Manassas, VA 20108, USA",HTB-19,cell-line,primary,74.0,ENSP00000267163.4:p.Pro515Leu,ENST00000267163.5:c.1544C>T,13:g.48381292C>T
3678747,PIK3CA,ENST00000263967.3,9093,8975.0,MCF7,905946,823474,breast,NS,NS,NS,carcinoma,NS,NS,NS,y,COSV55873239,COSM763,99692519,c.1633G>A,p.E545K,Substitution - Missense,het,,38.0,3:179218303-179218303,+,Variant of unknown origin,Verified,,619,Developmental Therapeutics Program,"National Cancer Institute,Frederick,MD 21701",,cell-line,primary,69.0,ENSP00000263967.3:p.Glu545Lys,ENST00000263967.3:c.1633G>A,3:g.179218303G>A
3842692,TP53,ENST00000269305.8,2579,11998.0,PC3,905934,823459,prostate,NS,NS,NS,carcinoma,adenocarcinoma,NS,NS,y,COSV52708439,COSM18594,101394998,c.414del,p.K139Rfs*31,Deletion - Frameshift,hom,,38.0,17:7675199-7675199,-,Variant of unknown origin,Verified,,619,Developmental Therapeutics Program,"National Cancer Institute,Frederick,MD 21701",,cell-line,primary,62.0,ENSP00000269305.4:p.Lys139ArgfsTer31,ENST00000269305.8:c.414del,17:g.7675199del
3845920,PAX5,ENST00000358127.8,8615,8619.0,MCF7,905946,823474,breast,NS,NS,NS,carcinoma,NS,NS,NS,y,COSV63910525,COSM2775487,109394507,c.679G>C,p.D227H,Substitution - Missense,het,,38.0,9:36966650-36966650,-,Variant of unknown origin,Verified,,619,Developmental Therapeutics Program,"National Cancer Institute,Frederick,MD 21701",,cell-line,primary,69.0,ENSP00000350844.4:p.Asp227His,ENST00000358127.8:c.679G>C,9:g.36966650C>G
3860828,FLT3,ENST00000241453.11,3842,3765.0,MCF7,905946,823474,breast,NS,NS,NS,carcinoma,NS,NS,NS,y,COSV54062607,COSM2070166,99778399,c.1102T>A,p.C368S,Substitution - Missense,het,,38.0,13:28048378-28048378,-,Variant of unknown origin,Verified,,619,Developmental Therapeutics Program,"National Cancer Institute,Frederick,MD 21701",,cell-line,primary,69.0,ENSP00000241453.7:p.Cys368Ser,ENST00000241453.11:c.1102T>A,13:g.28048378A>T
3912431,LRP1B,ENST00000389484.7,16535,6693.0,BT20,906801,824325,breast,NS,NS,NS,carcinoma,NS,NS,NS,y,COSV67269486,COSM3117564,115776079,c.2040G>A,p.W680*,Substitution - Nonsense,het,,38.0,2:141015846-141015846,-,Variant of unknown origin,Verified,,619,American Type Culture Collection (ATCC),"P.O. Box 1549, Manassas, VA 20108, USA",HTB-19,cell-line,primary,74.0,ENSP00000374135.3:p.Trp680Ter,ENST00000389484.7:c.2040G>A,2:g.141015846C>T
4038754,KEAP1,ENST00000171111.9,2955,23177.0,A549,905949,823477,lung,NS,NS,NS,carcinoma,NS,NS,NS,y,COSV50262468,COSM1193323,98099783,c.997G>T,p.G333C,Substitution - Missense,hom,,38.0,19:10491905-10491905,-,Variant of unknown origin,Verified,,619,Developmental Therapeutics Program,"National Cancer Institute,Frederick,MD 21701",,cell-line,primary,58.0,ENSP00000171111.4:p.Gly333Cys,ENST00000171111.9:c.997G>T,19:g.10491905C>A
4138839,SMARCA4,ENST00000344626.9,5791,11100.0,A549,905949,823477,lung,NS,NS,NS,carcinoma,NS,NS,NS,y,COSV60794332,COSM30570,106212828,c.2184_2206del,p.Q729Cfs*4,Deletion - Frameshift,hom,,38.0,19:11010441-11010463,+,Variant of unknown origin,Verified,,3,Developmental Therapeutics Program,"National Cancer Institute,Frederick,MD 21701",,cell-line,primary,58.0,ENSP00000343896.4:p.Gln729CysfsTer4,ENST00000344626.9:c.2184_2206del,19:g.11010441_11010463del
4429583,NF1,ENST00000358273.8,12425,7765.0,MDAMB231,905960,823488,breast,NS,NS,NS,carcinoma,NS,NS,NS,y,COSV62228246,COSM3179593,109787287,c.1398_1399insC,p.T467Hfs*3,Insertion - Frameshift,het,,38.0,17:31214456-31214457,+,Variant of unknown origin,Verified,,619,Developmental Therapeutics Program,"National Cancer Institute,Frederick,MD 21701",,cell-line,primary,51.0,ENSP00000351015.4:p.Thr467HisfsTer3,ENST00000358273.8:c.1398_1399insC,17:g.31214456_31214457insC
4500489,MSH6,ENST00000234420.9,7476,7329.0,VCAP,1299075,1210128,prostate,NS,NS,NS,carcinoma,adenocarcinoma,NS,NS,y,COSV52273592,COSM13394,98210096,c.3261dup,p.F1088Lfs*5,Insertion - Frameshift,het,,38.0,2:47803508-47803509,+,Variant of unknown origin,Verified,,619,UNKNOWN,UNKNOWN,,cell-line,NS,,ENSP00000234420.4:p.Phe1088LeufsTer5,ENST00000234420.9:c.3261dup,2:g.47803508dup
4528611,ASPM,ENST00000367409.8,10887,19048.0,MCF7,905946,823474,breast,NS,NS,NS,carcinoma,NS,NS,NS,y,COSV54134554,COSM2125225,111613421,c.10175G>A,p.R3392K,Substitution - Missense,het,,38.0,1:197086959-197086959,-,Variant of unknown origin,Verified,,619,Developmental Therapeutics Program,"National Cancer Institute,Frederick,MD 21701",,cell-line,primary,69.0,ENSP00000356379.4:p.Arg3392Lys,ENST00000367409.8:c.10175G>A,1:g.197086959C>T
4585897,KDR,ENST00000645273.1,6055,6307.0,BT20,906801,824325,breast,NS,NS,NS,carcinoma,NS,NS,NS,y,COSV55774874,COSM3301548,177488041,c.2510-1G>T,p.?,Unknown,het,,38.0,4:55097767-55097767,-,Variant of unknown origin,Verified,,619,American Type Culture Collection (ATCC),"P.O. Box 1549, Manassas, VA 20108, USA",HTB-19,cell-line,primary,74.0,,ENST00000645273.1:c.2510-1G>T,4:g.55097767C>A
4680231,NCOR2,ENST00000405201.5,8533,7673.0,VCAP,1299075,1210128,prostate,NS,NS,NS,carcinoma,adenocarcinoma,NS,NS,y,COSV62292935,COSM2227124,118352820,c.1526_1531dup,p.Q509_Q510dup,Insertion - In frame,het,,38.0,12:124402549-124402550,-,Variant of unknown origin,Verified,,619,UNKNOWN,UNKNOWN,,cell-line,NS,,ENSP00000384018.1:p.Gln509_Gln510dup,ENST00000405201.5:c.1526_1531dup,12:g.124402544_124402549dup
4774339,FLT3,ENST00000241453.11,3842,3765.0,MCF7,905946,823474,breast,NS,NS,NS,carcinoma,NS,NS,NS,y,COSV54062596,COSM2070165,99778395,c.1103G>A,p.C368Y,Substitution - Missense,het,,38.0,13:28048377-28048377,-,Variant of unknown origin,Verified,,619,Developmental Therapeutics Program,"National Cancer Institute,Frederick,MD 21701",,cell-line,primary,69.0,ENSP00000241453.7:p.Cys368Tyr,ENST00000241453.11:c.1103G>A,13:g.28048377C>T
5085089,STK11,ENST00000326873.11,2611,11389.0,A549,905949,823477,lung,NS,NS,NS,carcinoma,NS,NS,NS,y,COSV58819862,COSM12925,104467647,c.109C>T,p.Q37*,Substitution - Nonsense,hom,,38.0,19:1207022-1207022,+,Variant of unknown origin,Verified,,619,Developmental Therapeutics Program,"National Cancer Institute,Frederick,MD 21701",,cell-line,primary,58.0,ENSP00000324856.6:p.Gln37Ter,ENST00000326873.11:c.109C>T,19:g.1207022C>T
5371533,KRAS,ENST00000256078.8,1119,6407.0,MDAMB231,905960,823488,breast,NS,NS,NS,carcinoma,NS,NS,NS,y,COSV55497388,COSM532,100251500,c.38G>A,p.G13D,Substitution - Missense,het,,38.0,12:25245347-25245347,-,Variant of unknown origin,Verified,,619,Developmental Therapeutics Program,"National Cancer Institute,Frederick,MD 21701",,cell-line,primary,51.0,ENSP00000256078.4:p.Gly13Asp,ENST00000256078.8:c.38G>A,12:g.25245347C>T
5384822,KRAS,ENST00000256078.8,1119,6407.0,A549,905949,823477,lung,NS,NS,NS,carcinoma,NS,NS,NS,y,COSV55497461,COSM517,100251480,c.34G>A,p.G12S,Substitution - Missense,hom,,38.0,12:25245351-25245351,-,Variant of unknown origin,Verified,,619,Developmental Therapeutics Program,"National Cancer Institute,Frederick,MD 21701",,cell-line,primary,58.0,ENSP00000256078.4:p.Gly12Ser,ENST00000256078.8:c.34G>A,12:g.25245351C>T
5583617,MAP3K13,ENST00000265026.7,9876,6852.0,MCF7,905946,823474,breast,NS,NS,NS,carcinoma,NS,NS,NS,y,COSV53989658,COSM1670757,97218145,c.1138G>A,p.D380N,Substitution - Missense,het,,38.0,3:185450027-185450027,+,Variant of unknown origin,Verified,,619,Developmental Therapeutics Program,"National Cancer Institute,Frederick,MD 21701",,cell-line,primary,69.0,ENSP00000265026.3:p.Asp380Asn,ENST00000265026.7:c.1138G>A,3:g.185450027G>A
5638320,LATS1,ENST00000543571.5,7517,6514.0,MCF7,905946,823474,breast,NS,NS,NS,carcinoma,NS,NS,NS,y,COSV53588958,COSM1672828,154897294,c.3127G>A,p.D1043N,Substitution - Missense,het,,38.0,6:149661995-149661995,-,Variant of unknown origin,Verified,,619,Developmental Therapeutics Program,"National Cancer Institute,Frederick,MD 21701",,cell-line,primary,69.0,ENSP00000437550.1:p.Asp1043Asn,ENST00000543571.5:c.3127G>A,6:g.149661995C>T
5754915,DNM2,ENST00000389253.8,3581,2974.0,MCF7,905946,823474,breast,NS,NS,NS,carcinoma,NS,NS,NS,y,COSV53034726,COSM2813274,114720666,c.2399C>T,p.A800V,Substitution - Missense,het,,38.0,19:10830234-10830234,+,Variant of unknown origin,Verified,,619,Developmental Therapeutics Program,"National Cancer Institute,Frederick,MD 21701",,cell-line,primary,69.0,ENSP00000373905.3:p.Ala800Val,ENST00000389253.8:c.2399C>T,19:g.10830234C>T
5781080,BRCA2,ENST00000380152.7,11986,1101.0,BT20,906801,824325,breast,NS,NS,NS,carcinoma,NS,NS,NS,y,COSV66337550,COSM24517,112887841,c.10070C>G,p.T3357R,Substitution - Missense,hom,,38.0,13:32398583-32398583,+,Variant of unknown origin,Verified,,619,American Type Culture Collection (ATCC),"P.O. Box 1549, Manassas, VA 20108, USA",HTB-19,cell-line,primary,74.0,ENSP00000369497.3:p.Thr3357Arg,ENST00000380152.7:c.10070C>G,13:g.32398583C>G
5785055,SUFU,ENST00000369902.7,5001,16466.0,A549,905949,823477,lung,NS,NS,NS,carcinoma,NS,NS,NS,y,COSV64014048,COSM292469,112445901,c.1232C>T,p.T411M,Substitution - Missense,het,,38.0,10:102617364-102617364,+,Variant of unknown origin,Verified,,619,Developmental Therapeutics Program,"National Cancer Institute,Frederick,MD 21701",,cell-line,primary,58.0,ENSP00000358918.3:p.Thr411Met,ENST00000369902.7:c.1232C>T,10:g.102617364C>T
5846606,GATA3,ENST00000379328.8,3123,4172.0,MCF7,905946,823474,breast,NS,NS,NS,carcinoma,NS,NS,NS,y,COSV60515134,COSM41681,115950506,c.1006dup,p.D336Gfs*17,Insertion - Frameshift,het,,38.0,10:8069554-8069555,+,Variant of unknown origin,Verified,,619,Developmental Therapeutics Program,"National Cancer Institute,Frederick,MD 21701",,cell-line,primary,69.0,ENSP00000368632.3:p.Asp336GlyfsTer17,ENST00000379328.8:c.1006dup,10:g.8069554dup
5898814,GRIN2A,ENST00000396573.6,14450,4585.0,BT20,906801,824325,breast,NS,NS,NS,carcinoma,NS,NS,NS,y,COSV58055080,COSM2141667,120606204,c.806C>T,p.P269L,Substitution - Missense,het,,38.0,16:9938160-9938160,-,Variant of unknown origin,Verified,,619,American Type Culture Collection (ATCC),"P.O. Box 1549, Manassas, VA 20108, USA",HTB-19,cell-line,primary,74.0,ENSP00000379818.2:p.Pro269Leu,ENST00000396573.6:c.806C>T,16:g.9938160G>A
6056509,PIK3CA,ENST00000263967.3,9093,8975.0,BT20,906801,824325,breast,NS,NS,NS,carcinoma,NS,NS,NS,y,COSV55873195,COSM775,99692498,c.3140A>G,p.H1047R,Substitution - Missense,het,,38.0,3:179234297-179234297,+,Variant of unknown origin,Verified,,619,American Type Culture Collection (ATCC),"P.O. Box 1549, Manassas, VA 20108, USA",HTB-19,cell-line,primary,74.0,ENSP00000263967.3:p.His1047Arg,ENST00000263967.3:c.3140A>G,3:g.179234297A>G
